{"cameraMode":{"drawMode":0,"name":"Shaded","section":"Shading Mode"},"sceneLighting":false,"audioPlay":false,"sceneViewState":{"m_AlwaysRefresh":false,"showFog":true,"showSkybox":false,"showFlares":true,"showImageEffects":true,"showParticleSystems":true,"showVisualEffectGraphs":true,"m_FxEnabled":true},"in2DMode":false,"pivot":{"x":0.8023314476013184,"y":0.7151646018028259,"z":-12.95494270324707},"rotation":{"x":-0.20408925414085389,"y":0.054720669984817508,"z":-0.012473441660404206,"w":-0.9779009222984314},"size":0.8073009252548218,"orthographic":false}