{"cameraMode":{"drawMode":0,"name":"Shaded","section":"Shading Mode"},"sceneLighting":false,"audioPlay":false,"sceneViewState":{"m_AlwaysRefresh":false,"showFog":true,"showSkybox":false,"showFlares":true,"showImageEffects":true,"showParticleSystems":true,"showVisualEffectGraphs":true,"m_FxEnabled":true},"in2DMode":false,"pivot":{"x":10.073002815246582,"y":0.6246718764305115,"z":-14.441691398620606},"rotation":{"x":-0.20408925414085389,"y":0.054720669984817508,"z":-0.012473441660404206,"w":-0.9779009222984314},"size":0.7687603235244751,"orthographic":false}